--table for storing building information
CREATE TABLE Building(
	Name VARCHAR(256) NOT NULL PRIMARY KEY,
	Type VARCHAR(256) NOT NULL,
	CHECK(Type in('Administrative', 'Academic', 'Athletic', 'Dining', 'Residence', 'Library', 'Medical', 'Parking', 'Transportation')),
	Campus VARCHAR(256) NOT NULL,
	CHECK(Campus='West' or Campus='Central' or Campus='East'));
CREATE TABLE

--table for storing crime information
CREATE TABLE Crime(
	ID INTEGER NOT NULL PRIMARY KEY,
	Type VARCHAR(256) NOT NULL,
	Date DATE NOT NULL,
	Disposition VARCHAR(256) NOT NULL,
	CHECK(disposition='Arrest' or disposition='Cleared by Referral' or disposition='Closed'
		or disposition='Closed-SC' or disposition='Exceptionally Cleared' or disposition='Pending'
		or disposition='Unfounded'),
	Area_Name VARCHAR(256) NOT NULL,
	FOREIGN KEY (Area_Name) references Building(name),
	Exterior VARCHAR(256) NOT NULL,
	CHECK(Exterior='Yes' or Exterior='No'));
CREATE TABLE

--inserting sample data for use in testing the sample SQL queries
INSERT INTO Building Values('Edens', 'Residence', 'West');
INSERT 0 1
INSERT INTO Building Values('Craven', 'Residence', 'West');
INSERT 0 1
INSERT INTO Building Values('Few', 'Residence', 'West');
INSERT 0 1
INSERT INTO Building Values('Bell Tower Dorm', 'Residence', 'East');
INSERT 0 1
INSERT INTO Building Values('1913 Erwin', 'Residence', 'Central');
INSERT 0 1
INSERT INTO Building Values('Allen Building', 'Administrative', 'West');
INSERT 0 1
INSERT INTO Building Values('French Family Science Center', 'Academic', 'West');
INSERT 0 1
INSERT INTO Building Values('Wilson Recreation Center', 'Athletic', 'West');
INSERT 0 1
INSERT INTO Building Values('Lilly Library', 'Library', 'East');
INSERT 0 1
INSERT INTO Building Values('The Food Factory at Devils Bistro', 'Dining', 'Central');
INSERT 0 1
INSERT INTO Building Values('Perkins Library', 'Library', 'West');
INSERT 0 1
INSERT INTO Building Values('Duke Hospital North', 'Medical', 'West');
INSERT 0 1
INSERT INTO Building Values('Smith Warehouse', 'Administrative', 'East');
INSERT 0 1
INSERT INTO Building Values('West Duke Lot', 'Parking', 'East');
INSERT 0 1

INSERT INTO Crime Values(0, 'Larceny', '2015-10-12', 'Closed', 'West Duke Lot', 'Yes');
INSERT 0 1
INSERT INTO Crime Values(1,'Forgery and uttering', '2015-10-12', 'Closed', 'Smith Warehouse', 'No');
INSERT 0 1
INSERT INTO Crime Values(2, 'Larceny', '2015-10-12', 'Closed', 'Duke Hospital North', 'No');
INSERT 0 1
INSERT INTO Crime Values(3, 'Larceny', '2015-10-12', 'Closed', 'Duke Hospital North', 'No');
INSERT 0 1
INSERT INTO Crime Values(4, 'Student alcohol violation', '2015-10-13', 'Closed-SC', 'Bell Tower Dorm', 'No');
INSERT 0 1
INSERT INTO Crime Values(5, 'Larceny', '2015-10-13', 'Closed', 'Perkins Library', 'No');
INSERT 0 1





/*
Sample database queries. While we use specific values here like
Area_Name = 'Duke Hospital North', this would be changes to the parameters
specified by user input. These queries are provided to show the different
possible queries: crimes by building, type of building, campus, crime type,
crimes within a specific time period, and crimes that were committed inside/outside.
*/
SELECT * FROM Crime WHERE Area_Name = 'Duke Hospital North';
 id |  type   |    date    | disposition |      area_name      | exterior 
----+---------+------------+-------------+---------------------+----------
  2 | Larceny | 2015-10-12 | Closed      | Duke Hospital North | No
  3 | Larceny | 2015-10-12 | Closed      | Duke Hospital North | No
(2 rows)

SELECT Crime.ID, Crime.Type, Crime.Area_Name, Crime.Date FROM Crime, Building WHERE Building.Type = 'Administrative' AND Building.Name = Crime.Area_Name;
 id |         type         |    area_name    |    date    
----+----------------------+-----------------+------------
  1 | Forgery and uttering | Smith Warehouse | 2015-10-12
(1 row)

SELECT Crime.ID, Crime.Type, Crime.Area_Name, Crime.Date FROM Crime, Building WHERE Building.Campus = 'West' AND Building.Name = Crime.Area_Name;
 id |  type   |      area_name      |    date    
----+---------+---------------------+------------
  2 | Larceny | Duke Hospital North | 2015-10-12
  3 | Larceny | Duke Hospital North | 2015-10-12
  5 | Larceny | Perkins Library     | 2015-10-13
(3 rows)

SELECT * FROM Crime WHERE Type = 'Larceny';
 id |  type   |    date    | disposition |      area_name      | exterior 
----+---------+------------+-------------+---------------------+----------
  0 | Larceny | 2015-10-12 | Closed      | West Duke Lot       | Yes
  2 | Larceny | 2015-10-12 | Closed      | Duke Hospital North | No
  3 | Larceny | 2015-10-12 | Closed      | Duke Hospital North | No
  5 | Larceny | 2015-10-13 | Closed      | Perkins Library     | No
(4 rows)

SELECT * FROM Crime WHERE Date < '2015-10-14' and Date > '2015-10-12';
 id |           type            |    date    | disposition |    area_name    | exterior 
----+---------------------------+------------+-------------+-----------------+----------
  4 | Student alcohol violation | 2015-10-13 | Closed-SC   | Bell Tower Dorm | No
  5 | Larceny                   | 2015-10-13 | Closed      | Perkins Library | No
(2 rows)

SELECT * FROM Crime WHERE Exterior = 'Yes';
 id |  type   |    date    | disposition |   area_name   | exterior 
----+---------+------------+-------------+---------------+----------
  0 | Larceny | 2015-10-12 | Closed      | West Duke Lot | Yes
(1 row)








